-- =============================================================
-- DML - Insercao de dados
-- Sistema de Gerenciamento de Veiculos e Contratos
-- MySQL 8+ | Entrega 03 | Min. 30 tuplas por tabela
-- =============================================================

USE veiculos_db;

-- -------------------------------------------------------------
-- SEGURADORA (30)
-- -------------------------------------------------------------
INSERT INTO Seguradora (CNPJ, Nome_Fantasia, Telefone_Emergencia) VALUES
('11222333000181', 'SeguraMax',        '08001110001'),
('22333444000192', 'AutoProtege',      '08002220002'),
('33444555000103', 'VidaSegura',       '08003330003'),
('44555666000114', 'TotalCover',       '08004440004'),
('55666777000125', 'SafeDrive',        '08005550005'),
('66777888000136', 'ProtecaoTotal',    '08006660006'),
('77888999000147', 'AllianzAuto',      '08007770007'),
('88999000000158', 'BrasilSeguro',     '08008880008'),
('99000111000169', 'MegaProtege',      '08009990009'),
('10111222000170', 'NordesteSeg',      '08001010010'),
('20222333000181', 'RecifeSeguros',    '08002020020'),
('30333444000192', 'PernaSeguros',     '08003030030'),
('40444555000103', 'AtlanticoSeg',     '08004040040'),
('50555666000114', 'SolarSeguros',     '08005050050'),
('60666777000125', 'CoberturaPlena',   '08006060060'),
('70777888000136', 'GarantiaFull',     '08007070070'),
('80888999000147', 'ConfiancaSeg',     '08008080080'),
('90999000000158', 'SegurancaPlus',    '08009090090'),
('11223344000191', 'TransSeguro',      '08001122334'),
('22334455000102', 'AutoMax',          '08002233445'),
('33445566000113', 'VeiculoProtege',   '08003344556'),
('44556677000124', 'CoberturaAuto',    '08004455667'),
('55667788000135', 'SegPremium',       '08005566778'),
('66778899000146', 'DiamondSeg',       '08006677889'),
('77889900000157', 'GoldProtect',      '08007788990'),
('88990011000168', 'PlatinumSeg',      '08008899001'),
('99001122000179', 'EliteSeguros',     '08009900112'),
('10112233000180', 'TopCoverage',      '08001011223'),
('20223344000191', 'MaxProtecao',      '08002022334'),
('30334455000102', 'SuperSeguro',      '08003033445');

-- -------------------------------------------------------------
-- MARCA (30)
-- -------------------------------------------------------------
INSERT INTO Marca (Nome_Marca, Pais_Origem, Ano_Fundacao, Site_Oficial, Segmento) VALUES
('Toyota',      'Japao',      1937, 'www.toyota.com.br',      'Passeio'),
('Ford',        'EUA',        1903, 'www.ford.com.br',        'Passeio'),
('Volkswagen',  'Alemanha',   1937, 'www.vw.com.br',          'Passeio'),
('Fiat',        'Italia',     1899, 'www.fiat.com.br',        'Passeio'),
('Mercedes',    'Alemanha',   1926, 'www.mercedes.com.br',    'Luxo'),
('BMW',         'Alemanha',   1916, 'www.bmw.com.br',         'Luxo'),
('Honda',       'Japao',      1948, 'www.honda.com.br',       'Passeio'),
('Hyundai',     'Coreia',     1967, 'www.hyundai.com.br',     'Passeio'),
('Chevrolet',   'EUA',        1911, 'www.chevrolet.com.br',   'Passeio'),
('Nissan',      'Japao',      1933, 'www.nissan.com.br',      'Passeio'),
('Renault',     'Franca',     1899, 'www.renault.com.br',     'Passeio'),
('Peugeot',     'Franca',     1882, 'www.peugeot.com.br',     'Passeio'),
('Kia',         'Coreia',     1944, 'www.kia.com.br',         'Passeio'),
('Jeep',        'EUA',        1941, 'www.jeep.com.br',        'SUV'),
('Mitsubishi',  'Japao',      1970, 'www.mitsubishi.com.br',  'SUV'),
('Subaru',      'Japao',      1953, 'www.subaru.com.br',      'Passeio'),
('Volvo',       'Suecia',     1927, 'www.volvo.com.br',       'Luxo'),
('Audi',        'Alemanha',   1909, 'www.audi.com.br',        'Luxo'),
('Porsche',     'Alemanha',   1931, 'www.porsche.com.br',     'Esportivo'),
('Ferrari',     'Italia',     1939, 'www.ferrari.com',        'Esportivo'),
('Lamborghini', 'Italia',     1963, 'www.lamborghini.com',    'Esportivo'),
('Maserati',    'Italia',     1914, 'www.maserati.com',       'Luxo'),
('Jaguar',      'Reino Unido',1922, 'www.jaguar.com',         'Luxo'),
('Land Rover',  'Reino Unido',1948, 'www.landrover.com',      'SUV'),
('Dodge',       'EUA',        1900, 'www.dodge.com',          'Picape'),
('Ram',         'EUA',        1981, 'www.ramtrucks.com',      'Picape'),
('Iveco',       'Italia',     1975, 'www.iveco.com',          'Carga'),
('Scania',      'Suecia',     1891, 'www.scania.com.br',      'Carga'),
('Mahindra',    'India',      1945, 'www.mahindra.com',       'SUV'),
('BYD',         'China',      1995, 'www.byd.com.br',         'Eletrico');

-- -------------------------------------------------------------
-- CLIENTE (30)
-- -------------------------------------------------------------
INSERT INTO Cliente (CPF, Nome, Rua, Bairro, Numero) VALUES
('12345678901', 'Ana Lima',           'Rua das Flores',       'Boa Viagem',    '100'),
('23456789012', 'Carlos Souza',       'Av. Agamenon',         'Derby',         '250'),
('34567890123', 'Mariana Costa',      'Rua do Sol',           'Madalena',      '45'),
('45678901234', 'Pedro Alves',        'Rua Nova',             'Pina',          '300'),
('56789012345', 'Julia Ferreira',     'Av. Conde Boa Vista',  'Santo Amaro',   '12'),
('67890123456', 'Roberto Neves',      'Rua da Aurora',        'Boa Vista',     '88'),
('78901234567', 'Fernanda Dias',      'Av. Cruz Cabuga',      'Santo Amaro',   '210'),
('89012345678', 'Lucas Martins',      'Rua Henrique Dias',    'Graças',        '55'),
('90123456789', 'Patricia Gomes',     'Av. Agamenon Magalhaes','Derby',        '99'),
('01234567890', 'Bruno Carvalho',     'Rua do Hospicio',      'Boa Vista',     '14'),
('11223344556', 'Camila Rocha',       'Av. Domingos Ferreira', 'Boa Viagem',   '321'),
('22334455667', 'Diego Barbosa',      'Rua Amelia',           'Graças',        '77'),
('33445566778', 'Elisa Santos',       'Av. Rosa e Silva',     'Aflitos',       '400'),
('44556677889', 'Felipe Araujo',      'Rua Bela Vista',       'Casa Amarela',  '5'),
('55667788990', 'Gabriela Mendes',    'Rua das Ninfas',       'Soledade',      '60'),
('66778899001', 'Henrique Lima',      'Av. Norte',            'Arruda',        '172'),
('77889900112', 'Isabela Torres',     'Rua Velha',            'Beberibe',      '33'),
('88990011223', 'Joao Pinto',         'Tv. Sao Bento',        'Bairro do Recife','8'),
('99001122334', 'Karen Oliveira',     'Av. Sul',              'Ibura',         '500'),
('10112233445', 'Leonardo Cruz',      'Rua Formosa',          'Boa Viagem',    '19'),
('20223344556', 'Monica Vieira',      'Av. Caxanga',          'Caxanga',       '250'),
('30334455667', 'Nathalia Freitas',   'Rua da Paz',           'Graças',        '41'),
('40445566778', 'Otavio Campos',      'Av. Recife',           'Afogados',      '310'),
('50556677889', 'Paula Ramos',        'Rua Joao de Barros',   'Boa Vista',     '22'),
('60667788990', 'Queiroz Silva',      'Av. Guararapes',       'Santo Antonio', '130'),
('70778899001', 'Renata Lopes',       'Rua da Imperatriz',    'Santo Antonio', '3'),
('80889900112', 'Sergio Farias',      'Av. Dantas Barreto',   'Sao Jose',      '77'),
('90990011223', 'Tatiana Batista',    'Rua do Bom Jesus',     'Recife',        '11'),
('01001122334', 'Ulisses Medeiros',   'Av. Boa Viagem',       'Boa Viagem',    '900'),
('11112233445', 'Vanessa Cavalcanti', 'Rua Mamede Simoes',    'Encruzilhada',  '65');

-- -------------------------------------------------------------
-- TELEFONE_CLIENTE (30)
-- -------------------------------------------------------------
INSERT INTO Telefone_Cliente (Telefone, CPF_Cliente) VALUES
('81991110001', '12345678901'),
('81992220002', '12345678901'),
('81993330003', '23456789012'),
('81994440004', '34567890123'),
('81995550005', '45678901234'),
('81996660006', '56789012345'),
('81997770007', '67890123456'),
('81998880008', '78901234567'),
('81999990009', '89012345678'),
('81900010010', '90123456789'),
('81911110011', '01234567890'),
('81922220012', '11223344556'),
('81933330013', '22334455667'),
('81944440014', '33445566778'),
('81955550015', '44556677889'),
('81966660016', '55667788990'),
('81977770017', '66778899001'),
('81988880018', '77889900112'),
('81999900019', '88990011223'),
('81900020020', '99001122334'),
('81911120021', '10112233445'),
('81922230022', '20223344556'),
('81933340023', '30334455667'),
('81944450024', '40445566778'),
('81955560025', '50556677889'),
('81966670026', '60667788990'),
('81977780027', '70778899001'),
('81988890028', '80889900112'),
('81999010029', '90990011223'),
('81900120030', '01001122334');

-- -------------------------------------------------------------
-- VEICULO (30)
-- -------------------------------------------------------------
INSERT INTO Veiculo (Chassi, Placa, Cor, Ano_Fabricacao, Id_Marca, CNPJ_Seguradora) VALUES
('9BWZZZ377VT00001', 'ABC1D23', 'Prata',   2022, 1,  '11222333000181'),
('9BWZZZ377VT00002', 'DEF2E34', 'Preto',   2021, 2,  '22333444000192'),
('9BWZZZ377VT00003', 'GHI3F45', 'Branco',  2023, 3,  '11222333000181'),
('9BWZZZ377VT00004', 'JKL4G56', 'Azul',    2020, 4,  '33444555000103'),
('9BWZZZ377VT00005', 'MNO5H67', 'Cinza',   2022, 5,  '22333444000192'),
('9BWZZZ377VT00006', 'PQR6I78', 'Vermelho',2019, 6,  '44555666000114'),
('9BWZZZ377VT00007', 'STU7J89', 'Verde',   2023, 7,  '55666777000125'),
('9BWZZZ377VT00008', 'VWX8K90', 'Branco',  2021, 8,  '66777888000136'),
('9BWZZZ377VT00009', 'YZA9L01', 'Prata',   2020, 9,  '77888999000147'),
('9BWZZZ377VT00010', 'BCD0M12', 'Preto',   2022, 10, '88999000000158'),
('9BWZZZ377VT00011', 'EFG1N23', 'Azul',    2021, 11, '99000111000169'),
('9BWZZZ377VT00012', 'HIJ2O34', 'Cinza',   2023, 12, '10111222000170'),
('9BWZZZ377VT00013', 'KLM3P45', 'Branco',  2020, 13, '20222333000181'),
('9BWZZZ377VT00014', 'NOP4Q56', 'Vermelho',2022, 14, '30333444000192'),
('9BWZZZ377VT00015', 'QRS5R67', 'Prata',   2021, 15, '40444555000103'),
('9BWZZZ377VT00016', 'TUV6S78', 'Preto',   2023, 16, '50555666000114'),
('9BWZZZ377VT00017', 'WXY7T89', 'Azul',    2020, 17, '60666777000125'),
('9BWZZZ377VT00018', 'ZAB8U90', 'Cinza',   2022, 18, '70777888000136'),
('9BWZZZ377VT00019', 'CDE9V01', 'Branco',  2021, 19, '80888999000147'),
('9BWZZZ377VT00020', 'FGH0W12', 'Prata',   2023, 20, '90999000000158'),
('9BWZZZ377VT00021', 'IJK1X23', 'Vermelho',2022, 1,  '11223344000191'),
('9BWZZZ377VT00022', 'LMN2Y34', 'Verde',   2021, 2,  '22334455000102'),
('9BWZZZ377VT00023', 'OPQ3Z45', 'Preto',   2020, 3,  '33445566000113'),
('9BWZZZ377VT00024', 'RST4A56', 'Branco',  2023, 4,  '44556677000124'),
('9BWZZZ377VT00025', 'UVW5B67', 'Cinza',   2022, 5,  '55667788000135'),
('9BWZZZ377VT00026', 'XYZ6C78', 'Azul',    2021, 6,  '66778899000146'),
('9BWZZZ377VT00027', 'ABC7D89', 'Prata',   2023, 7,  '77889900000157'),
('9BWZZZ377VT00028', 'DEF8E90', 'Preto',   2020, 8,  '88990011000168'),
('9BWZZZ377VT00029', 'GHI9F01', 'Branco',  2022, 9,  '99001122000179'),
('9BWZZZ377VT00030', 'JKL0G12', 'Vermelho',2021, 10, '10112233000180');

-- -------------------------------------------------------------
-- CARRO (20 carros)
-- -------------------------------------------------------------
INSERT INTO Carro (Chassi, Qtd_Portas, Volume_Porta_Malas) VALUES
('9BWZZZ377VT00001', 4, 420.50),
('9BWZZZ377VT00002', 2, 280.00),
('9BWZZZ377VT00003', 4, 385.00),
('9BWZZZ377VT00004', 4, 440.00),
('9BWZZZ377VT00005', 2, 310.00),
('9BWZZZ377VT00006', 4, 395.00),
('9BWZZZ377VT00007', 4, 460.00),
('9BWZZZ377VT00008', 2, 290.00),
('9BWZZZ377VT00009', 4, 410.00),
('9BWZZZ377VT00010', 4, 380.00),
('9BWZZZ377VT00011', 2, 265.00),
('9BWZZZ377VT00012', 4, 430.00),
('9BWZZZ377VT00013', 4, 370.00),
('9BWZZZ377VT00014', 2, 300.00),
('9BWZZZ377VT00015', 4, 415.00),
('9BWZZZ377VT00016', 4, 445.00),
('9BWZZZ377VT00017', 2, 275.00),
('9BWZZZ377VT00018', 4, 390.00),
('9BWZZZ377VT00019', 4, 425.00),
('9BWZZZ377VT00020', 2, 285.00);

-- -------------------------------------------------------------
-- CAMINHONETE (10 caminhonetes)
-- -------------------------------------------------------------
INSERT INTO Caminhonete (Chassi, Capacidade_Carga, Tipo_Tracao) VALUES
('9BWZZZ377VT00021', 1000.00, '4x4'),
('9BWZZZ377VT00022',  800.00, '4x2'),
('9BWZZZ377VT00023', 1200.00, '4x4'),
('9BWZZZ377VT00024',  900.00, '4x2'),
('9BWZZZ377VT00025', 1100.00, '4x4'),
('9BWZZZ377VT00026',  750.00, '4x2'),
('9BWZZZ377VT00027', 1300.00, '4x4'),
('9BWZZZ377VT00028',  850.00, '4x2'),
('9BWZZZ377VT00029', 1050.00, '4x4'),
('9BWZZZ377VT00030',  950.00, '4x2');

-- -------------------------------------------------------------
-- FUNCIONARIO (30)
-- -------------------------------------------------------------
INSERT INTO Funcionario (Matricula, Nome, Salario, Cargo, Matricula_Supervisor) VALUES
(1,  'Roberto Neves',     8000.00, 'Gerente Geral',    NULL),
(2,  'Fernanda Dias',     5500.00, 'Supervisora',      1),
(3,  'Lucas Martins',     4000.00, 'Atendente',        2),
(4,  'Patricia Gomes',    4500.00, 'Analista',         2),
(5,  'Bruno Carvalho',    3800.00, 'Atendente',        2),
(6,  'Camila Rocha',      4200.00, 'Analista',         2),
(7,  'Diego Barbosa',     3600.00, 'Atendente',        2),
(8,  'Elisa Santos',      5000.00, 'Supervisora',      1),
(9,  'Felipe Araujo',     3900.00, 'Atendente',        8),
(10, 'Gabriela Mendes',   4100.00, 'Analista',         8),
(11, 'Henrique Lima',     3700.00, 'Atendente',        8),
(12, 'Isabela Torres',    4300.00, 'Analista',         8),
(13, 'Joao Pinto',        3500.00, 'Atendente',        8),
(14, 'Karen Oliveira',    4800.00, 'Coordenadora',     1),
(15, 'Leonardo Cruz',     3600.00, 'Atendente',        14),
(16, 'Monica Vieira',     4000.00, 'Analista',         14),
(17, 'Nathalia Freitas',  3800.00, 'Atendente',        14),
(18, 'Otavio Campos',     4200.00, 'Analista',         14),
(19, 'Paula Ramos',       3500.00, 'Atendente',        14),
(20, 'Queiroz Silva',     4600.00, 'Coordenador',      1),
(21, 'Renata Lopes',      3700.00, 'Atendente',        20),
(22, 'Sergio Farias',     4000.00, 'Analista',         20),
(23, 'Tatiana Batista',   3900.00, 'Atendente',        20),
(24, 'Ulisses Medeiros',  4400.00, 'Analista',         20),
(25, 'Vanessa Cavalcanti',3600.00, 'Atendente',        20),
(26, 'Wagner Souza',      4100.00, 'Analista',         2),
(27, 'Ximena Barros',     3800.00, 'Atendente',        8),
(28, 'Yuri Nascimento',   4300.00, 'Analista',         14),
(29, 'Zelia Andrade',     3700.00, 'Atendente',        20),
(30, 'Andre Pereira',     4500.00, 'Analista',         1);

-- -------------------------------------------------------------
-- DEPENDENTE (30)
-- -------------------------------------------------------------
INSERT INTO Dependente (Nome_Dependente, Data_Nascimento, Grau_Parentesco, Matricula_Func) VALUES
('Sofia Neves',       '2010-05-12', 'Filho(a)',  1),
('Clara Neves',       '2015-08-20', 'Filho(a)',  1),
('Mario Neves',       '1972-03-15', 'Conjuge',   1),
('Joao Dias',         '2018-03-10', 'Filho(a)',  2),
('Ana Dias',          '1980-07-22', 'Conjuge',   2),
('Pedro Martins',     '2012-11-05', 'Filho(a)',  3),
('Laura Gomes',       '2019-02-28', 'Filho(a)',  4),
('Carlos Gomes',      '1979-09-14', 'Conjuge',   4),
('Lucas Carvalho Jr', '2020-07-01', 'Filho(a)',  5),
('Maria Rocha',       '1985-04-18', 'Conjuge',   6),
('Sara Rocha',        '2014-12-25', 'Filho(a)',  6),
('Tiago Barbosa',     '2016-06-30', 'Filho(a)',  7),
('Helena Santos',     '1990-01-10', 'Conjuge',   8),
('Davi Santos',       '2017-08-15', 'Filho(a)',  8),
('Lia Araujo',        '2021-03-22', 'Filho(a)',  9),
('Paulo Mendes',      '1978-10-05', 'Conjuge',   10),
('Beatriz Lima',      '2013-07-19', 'Filho(a)',  11),
('Rafael Torres',     '1982-12-08', 'Conjuge',   12),
('Alice Torres',      '2018-05-27', 'Filho(a)',  12),
('Marcos Pinto',      '1975-02-14', 'Conjuge',   13),
('Julia Oliveira',    '2015-09-03', 'Filho(a)',  14),
('Rodrigo Cruz',      '1988-06-21', 'Conjuge',   15),
('Lara Vieira',       '2019-11-11', 'Filho(a)',  16),
('Thiago Freitas',    '1983-04-30', 'Conjuge',   17),
('Manuela Campos',    '2022-01-15', 'Filho(a)',  18),
('Gustavo Ramos',     '1977-08-09', 'Conjuge',   19),
('Isadora Silva',     '2016-03-17', 'Filho(a)',  20),
('Caio Lopes',        '2020-10-28', 'Filho(a)',  21),
('Mirela Farias',     '1986-07-04', 'Conjuge',   22),
('Enzo Medeiros',     '2018-12-19', 'Filho(a)',  23);

-- -------------------------------------------------------------
-- CONTRATO (30)
-- -------------------------------------------------------------
INSERT INTO Contrato (Data_Inicio, Data_Fim, CPF_Cliente, Matricula_Funcionario) VALUES
('2024-01-10', '2024-07-10', '12345678901', 3),
('2024-01-15', '2024-08-15', '23456789012', 5),
('2024-02-01', '2024-09-01', '34567890123', 7),
('2024-02-20', '2024-10-20', '45678901234', 9),
('2024-03-05', '2024-11-05', '56789012345', 11),
('2024-03-12', '2024-12-12', '67890123456', 13),
('2024-04-01', '2025-01-01', '78901234567', 15),
('2024-04-18', '2025-02-18', '89012345678', 17),
('2024-05-05', '2025-03-05', '90123456789', 19),
('2024-05-22', '2025-04-22', '01234567890', 21),
('2024-06-01', '2025-05-01', '11223344556', 23),
('2024-06-15', '2025-06-15', '22334455667', 25),
('2024-07-03', '2025-07-03', '33445566778', 3),
('2024-07-20', '2025-08-20', '44556677889', 5),
('2024-08-08', '2025-09-08', '55667788990', 7),
('2024-08-25', '2025-10-25', '66778899001', 9),
('2024-09-10', '2025-11-10', '77889900112', 11),
('2024-09-28', '2025-12-28', '88990011223', 13),
('2024-10-15', '2026-01-15', '99001122334', 15),
('2024-10-30', '2026-02-28', '10112233445', 17),
('2024-11-12', '2026-03-12', '20223344556', 19),
('2024-11-25', '2026-04-25', '30334455667', 21),
('2024-12-05', '2026-05-05', '40445566778', 23),
('2024-12-20', '2026-06-20', '50556677889', 25),
('2025-01-08', '2026-07-08', '60667788990', 3),
('2025-01-22', '2026-08-22', '70778899001', 5),
('2025-02-10', '2026-09-10', '80889900112', 7),
('2025-02-25', '2026-10-25', '90990011223', 9),
('2025-03-10', '2026-11-10', '01001122334', 11),
('2025-03-25', '2026-12-25', '11112233445', 13);

-- -------------------------------------------------------------
-- CONTRATO_VEICULO (30)
-- -------------------------------------------------------------
INSERT INTO Contrato_Veiculo (ID_Contrato, Chassi_Veiculo) VALUES
(1,  '9BWZZZ377VT00001'),
(2,  '9BWZZZ377VT00002'),
(3,  '9BWZZZ377VT00003'),
(4,  '9BWZZZ377VT00004'),
(5,  '9BWZZZ377VT00005'),
(6,  '9BWZZZ377VT00006'),
(7,  '9BWZZZ377VT00007'),
(8,  '9BWZZZ377VT00008'),
(9,  '9BWZZZ377VT00009'),
(10, '9BWZZZ377VT00010'),
(11, '9BWZZZ377VT00011'),
(12, '9BWZZZ377VT00012'),
(13, '9BWZZZ377VT00013'),
(14, '9BWZZZ377VT00014'),
(15, '9BWZZZ377VT00015'),
(16, '9BWZZZ377VT00016'),
(17, '9BWZZZ377VT00017'),
(18, '9BWZZZ377VT00018'),
(19, '9BWZZZ377VT00019'),
(20, '9BWZZZ377VT00020'),
(21, '9BWZZZ377VT00021'),
(22, '9BWZZZ377VT00022'),
(23, '9BWZZZ377VT00023'),
(24, '9BWZZZ377VT00024'),
(25, '9BWZZZ377VT00025'),
(26, '9BWZZZ377VT00026'),
(27, '9BWZZZ377VT00027'),
(28, '9BWZZZ377VT00028'),
(29, '9BWZZZ377VT00029'),
(30, '9BWZZZ377VT00030');

-- -------------------------------------------------------------
-- ALUGUEL (30)
-- -------------------------------------------------------------
INSERT INTO Aluguel (Data_Retirada, Data_Devolucao, Valor_Total, Km_Saida, Km_Chegada, CPF_Cliente, Chassi_Veiculo) VALUES
('2024-01-05', '2024-01-10', 500.00,  10000.00, 10350.00, '12345678901', '9BWZZZ377VT00001'),
('2024-01-12', '2024-01-15', 300.00,  25000.00, 25200.00, '23456789012', '9BWZZZ377VT00002'),
('2024-01-20', '2024-01-25', 450.00,  8000.00,  8400.00,  '34567890123', '9BWZZZ377VT00003'),
('2024-02-02', '2024-02-07', 600.00,  15000.00, 15500.00, '45678901234', '9BWZZZ377VT00004'),
('2024-02-10', '2024-02-14', 400.00,  30000.00, 30320.00, '56789012345', '9BWZZZ377VT00005'),
('2024-02-18', '2024-02-22', 350.00,  12000.00, 12280.00, '67890123456', '9BWZZZ377VT00006'),
('2024-03-01', '2024-03-05', 480.00,  20000.00, 20380.00, '78901234567', '9BWZZZ377VT00007'),
('2024-03-10', '2024-03-15', 520.00,  9000.00,  9450.00,  '89012345678', '9BWZZZ377VT00008'),
('2024-03-20', '2024-03-24', 380.00,  18000.00, 18300.00, '90123456789', '9BWZZZ377VT00009'),
('2024-04-01', '2024-04-06', 560.00,  22000.00, 22480.00, '01234567890', '9BWZZZ377VT00010'),
('2024-04-10', '2024-04-14', 420.00,  11000.00, 11340.00, '11223344556', '9BWZZZ377VT00011'),
('2024-04-20', '2024-04-25', 490.00,  16000.00, 16420.00, '22334455667', '9BWZZZ377VT00012'),
('2024-05-03', '2024-05-08', 540.00,  27000.00, 27460.00, '33445566778', '9BWZZZ377VT00013'),
('2024-05-12', '2024-05-16', 360.00,  14000.00, 14280.00, '44556677889', '9BWZZZ377VT00014'),
('2024-05-22', '2024-05-27', 610.00,  19000.00, 19530.00, '55667788990', '9BWZZZ377VT00015'),
('2024-06-02', '2024-06-06', 440.00,  23000.00, 23360.00, '66778899001', '9BWZZZ377VT00016'),
('2024-06-15', '2024-06-20', 500.00,  7000.00,  7430.00,  '77889900112', '9BWZZZ377VT00017'),
('2024-06-25', '2024-06-29', 380.00,  31000.00, 31310.00, '88990011223', '9BWZZZ377VT00018'),
('2024-07-05', '2024-07-10', 570.00,  13000.00, 13490.00, '99001122334', '9BWZZZ377VT00019'),
('2024-07-15', '2024-07-20', 430.00,  24000.00, 24380.00, '10112233445', '9BWZZZ377VT00020'),
('2024-07-25', '2024-07-30', 650.00,  6000.00,  6580.00,  '20223344556', '9BWZZZ377VT00021'),
('2024-08-05', '2024-08-09', 390.00,  29000.00, 29340.00, '30334455667', '9BWZZZ377VT00022'),
('2024-08-15', '2024-08-20', 510.00,  17000.00, 17450.00, '40445566778', '9BWZZZ377VT00023'),
('2024-08-25', '2024-08-30', 475.00,  21000.00, 21420.00, '50556677889', '9BWZZZ377VT00024'),
('2024-09-05', '2024-09-10', 580.00,  10500.00, 11000.00, '60667788990', '9BWZZZ377VT00025'),
('2024-09-15', '2024-09-19', 410.00,  26000.00, 26350.00, '70778899001', '9BWZZZ377VT00026'),
('2024-09-25', '2024-09-30', 530.00,  8500.00,  9000.00,  '80889900112', '9BWZZZ377VT00027'),
('2024-10-05', '2024-10-10', 460.00,  32000.00, 32410.00, '90990011223', '9BWZZZ377VT00028'),
('2024-10-15', '2024-10-20', 620.00,  5000.00,  5560.00,  '01001122334', '9BWZZZ377VT00029'),
('2024-10-25', '2024-10-30', 395.00,  28000.00, 28360.00, '11112233445', '9BWZZZ377VT00030');

-- -------------------------------------------------------------
-- MANUTENCAO (30)
-- -------------------------------------------------------------
INSERT INTO Manutencao (Data_Entrada, Data_Saida, Tipo_Servico, Custo, Chassi_Veiculo) VALUES
('2024-01-15', '2024-01-16', 'Troca de oleo',          250.00,  '9BWZZZ377VT00001'),
('2024-01-20', '2024-01-22', 'Revisao completa',        800.00,  '9BWZZZ377VT00002'),
('2024-02-05', '2024-02-06', 'Troca de pneus',          1200.00, '9BWZZZ377VT00003'),
('2024-02-15', '2024-02-17', 'Alinhamento e balanceamento', 180.00, '9BWZZZ377VT00004'),
('2024-03-01', '2024-03-02', 'Troca de pastilhas',      350.00,  '9BWZZZ377VT00005'),
('2024-03-10', '2024-03-12', 'Revisao de freios',       500.00,  '9BWZZZ377VT00006'),
('2024-03-20', '2024-03-21', 'Troca de filtros',        220.00,  '9BWZZZ377VT00007'),
('2024-04-05', '2024-04-07', 'Reparo no motor',         2500.00, '9BWZZZ377VT00008'),
('2024-04-15', '2024-04-16', 'Troca de oleo',           250.00,  '9BWZZZ377VT00009'),
('2024-04-25', '2024-04-27', 'Revisao eletrica',        700.00,  '9BWZZZ377VT00010'),
('2024-05-05', '2024-05-06', 'Troca de correia',        600.00,  '9BWZZZ377VT00011'),
('2024-05-15', '2024-05-17', 'Reparo na suspensao',     900.00,  '9BWZZZ377VT00012'),
('2024-05-25', '2024-05-26', 'Troca de oleo',           250.00,  '9BWZZZ377VT00013'),
('2024-06-05', '2024-06-07', 'Revisao completa',        850.00,  '9BWZZZ377VT00014'),
('2024-06-15', '2024-06-16', 'Troca de pneus',          1200.00, '9BWZZZ377VT00015'),
('2024-06-25', '2024-06-27', 'Reparo no cambio',        1800.00, '9BWZZZ377VT00016'),
('2024-07-05', '2024-07-06', 'Troca de filtros',        220.00,  '9BWZZZ377VT00017'),
('2024-07-15', '2024-07-17', 'Alinhamento e balanceamento', 180.00, '9BWZZZ377VT00018'),
('2024-07-25', '2024-07-26', 'Troca de oleo',           250.00,  '9BWZZZ377VT00019'),
('2024-08-05', '2024-08-08', 'Revisao de freios',       500.00,  '9BWZZZ377VT00020'),
('2024-08-15', '2024-08-16', 'Troca de pastilhas',      350.00,  '9BWZZZ377VT00021'),
('2024-08-25', '2024-08-27', 'Reparo na suspensao',     950.00,  '9BWZZZ377VT00022'),
('2024-09-05', '2024-09-06', 'Troca de oleo',           250.00,  '9BWZZZ377VT00023'),
('2024-09-15', '2024-09-17', 'Revisao completa',        820.00,  '9BWZZZ377VT00024'),
('2024-09-25', '2024-09-26', 'Troca de correia',        580.00,  '9BWZZZ377VT00025'),
('2024-10-05', '2024-10-07', 'Reparo no motor',         2300.00, '9BWZZZ377VT00026'),
('2024-10-15', '2024-10-16', 'Troca de filtros',        220.00,  '9BWZZZ377VT00027'),
('2024-10-25', '2024-10-27', 'Revisao eletrica',        680.00,  '9BWZZZ377VT00028'),
('2024-11-05', '2024-11-06', 'Troca de oleo',           250.00,  '9BWZZZ377VT00029'),
('2024-11-15', '2024-11-17', 'Revisao completa',        800.00,  '9BWZZZ377VT00030');
